"","GeneID","Product","ProteinID","VariantType","FeatureType","Chr","REF","ALT","AminoAcidChange","START","WIDTH","QUAL"
"1",".",".",".","SNP","inter_genic","Ctyz_1","G","A",".",34743,1,217
"2",".",".",".","SNP","inter_genic","Ctyz_1","A","T",".",91735,1,86
"3",".",".",".","SNP","inter_genic","Ctyz_1","A","C",".",122359,1,271
"4",".",".",".","SNP","inter_genic","Ctyz_1","A","T",".",790177,1,469
"5",".",".",".","SNP","inter_genic","Ctyz_1","A","T",".",808298,1,217
"6",".",".",".","SNP","inter_genic","Ctyz_2","G","A",".",28147,1,217
"7","CTYZ_00002289","Homologous-pairing[space]protein[space]2","TRY52878.1","SNP","CDS","Ctyz_2","T","C","L309L",109468,1,245
"8",".",".",".","SNP","inter_genic","Ctyz_2","A","T",".",147162,1,218
"9","CTYZ_00002308","SPX/RING-type[space]Zinc[space]finger[space]domain[space]containing[space]protein","TRY53135.1","SNP","CDS","Ctyz_2","C","T","G615S",161897,1,205
"10","CTYZ_00002308","SPX/RING-type[space]Zinc[space]finger[space]domain[space]containing[space]protein","TRY53135.1","SNP","CDS","Ctyz_2","C","T","G613D",161902,1,189
"11","CTYZ_00002308","SPX/RING-type[space]Zinc[space]finger[space]domain[space]containing[space]protein","TRY53135.1","SNP","CDS","Ctyz_2","C","A","G611V",161908,1,217
"12","CTYZ_00002308","SPX/RING-type[space]Zinc[space]finger[space]domain[space]containing[space]protein","TRY53135.1","SNP","CDS","Ctyz_2","C","A","G611C",161909,1,211
"13","CTYZ_00002308","SPX/RING-type[space]Zinc[space]finger[space]domain[space]containing[space]protein","TRY53135.1","SNP","CDS","Ctyz_2","A","T","I610N",161911,1,218
"14",".",".",".","SNP","inter_genic","Ctyz_2","A","G",".",831889,1,245
"15",".",".",".","SNP","inter_genic","Ctyz_2","A","G",".",860257,1,206
"16",".",".",".","SNP","inter_genic","Ctyz_3","A","T",".",94814,1,218
"17",".",".",".","SNP","inter_genic","Ctyz_3","T","A",".",181840,1,218
"18",".",".",".","SNP","inter_genic","Ctyz_3","T","A",".",181909,1,55
"19",".",".",".","SNP","inter_genic","Ctyz_3","A","G",".",908007,1,219
"20",".",".",".","SNP","inter_genic","Ctyz_3","A","G",".",908010,1,218
"21",".",".",".","SNP","inter_genic","Ctyz_4","A","T",".",20772,1,140
"22",".",".",".","SNP","inter_genic","Ctyz_4","C","T",".",850724,1,287
"23",".",".",".","SNP","inter_genic","Ctyz_4","T","C",".",851811,1,131
"24",".",".",".","SNP","inter_genic","Ctyz_4","C","A",".",852168,1,218
"25","CTYZ_00002213","Uncharacterized[space]protein","TRY51970.1","SNP","CDS","Ctyz_4","T","A","I61I",1036280,1,82
"26","CTYZ_00003168","Uncharacterized[space]protein","TRY51797.1","SNP","CDS","Ctyz_5","T","G","S210A",10432,1,267
"27","CTYZ_00003168","Uncharacterized[space]protein","TRY51797.1","SNP","CDS","Ctyz_5","C","T","S210L",10433,1,262
"28","CTYZ_00003168","Uncharacterized[space]protein","TRY51797.1","SNP","CDS","Ctyz_5","T","G","S211A",10435,1,229
"29","CTYZ_00003189","Uncharacterized[space]protein","TRY51623.1","SNP","CDS","Ctyz_5","A","C","S125S",82426,1,218
"30","CTYZ_00003189","Uncharacterized[space]protein","TRY51623.1","SNP","CDS","Ctyz_5","A","C","S127S",82432,1,218
"31","CTYZ_00003189","Uncharacterized[space]protein","TRY51623.1","SNP","CDS","Ctyz_5","C","A","S135S",82456,1,218
"32",".",".",".","SNP","inter_genic","Ctyz_5","A","T",".",492955,1,218
"33",".",".",".","SNP","inter_genic","Ctyz_5","T","A",".",513039,1,357
"34",".",".",".","SNP","inter_genic","Ctyz_5","T","A",".",566259,1,184
"35",".",".",".","SNP","inter_genic","Ctyz_5","C","T",".",655572,1,217
"36",".",".",".","SNP","inter_genic","Ctyz_5","T","A",".",728968,1,164
"37","CTYZ_00003509","Calponin[space]homology[space]domain[space]containing[space]protein","TRY51419.1","SNP","CDS","Ctyz_5","A","G","N548D",784035,1,218
"38",".",".",".","SNP","inter_genic","Ctyz_6","G","T",".",6000,1,89
"39",".",".",".","SNP","inter_genic","Ctyz_6","T","A",".",6001,1,124
"40","CTYZ_00001204","Uncharacterized[space]protein","TRY51321.1","SNP","CDS","Ctyz_6","T","C","N317D",63535,1,217
"41","CTYZ_00001204","Uncharacterized[space]protein","TRY51321.1","SNP","CDS","Ctyz_6","G","A","D314D",63542,1,44.6968
"42","CTYZ_00001204","Uncharacterized[space]protein","TRY51321.1","SNP","CDS","Ctyz_6","T","A","E236D",63776,1,217
"43","CTYZ_00001245","Condensin[space]subunit[space]1/Condensin-2[space]complex[space]subunit[space]D3","TRY51360.1","SNP","CDS","Ctyz_6","T","G","L1579F",172473,1,31.864
"44",".",".",".","SNP","inter_genic","Ctyz_6","T","A",".",1201292,1,163
"45",".",".",".","SNP","inter_genic","Ctyz_6","A","G",".",1253763,1,457
"46",".",".",".","SNP","inter_genic","Ctyz_7","C","T",".",6459,1,87
"47",".",".",".","SNP","inter_genic","Ctyz_7","C","T",".",6746,1,304
"48",".",".",".","SNP","inter_genic","Ctyz_7","A","C",".",108532,1,218
"49",".",".",".","SNP","inter_genic","Ctyz_7","G","T",".",169613,1,218
"50","CTYZ_00000694","EF-hand[space]calcium-binding[space]domain-containing[space]protein","TRY50682.1","SNP","CDS","Ctyz_7","G","C","A472G",254025,1,156
"51",".",".",".","SNP","inter_genic","Ctyz_7","C","T",".",272283,1,218
"52",".",".",".","SNP","inter_genic","Ctyz_7","C","A",".",272286,1,218
"53",".",".",".","SNP","inter_genic","Ctyz_7","T","C",".",272290,1,218
"54",".",".",".","SNP","inter_genic","Ctyz_7","T","C",".",272305,1,157
"55",".",".",".","SNP","inter_genic","Ctyz_7","C","T",".",272356,1,129
"56",".",".",".","SNP","inter_genic","Ctyz_7","T","G",".",892827,1,304
"57","CTYZ_00001012","Cryptopsoridial[space]mucin","TRY50591.1","SNP","CDS","Ctyz_7","T","A","T348T",911158,1,218
"58",".",".",".","SNP","inter_genic","Ctyz_8","A","C",".",373790,1,266
"59",".",".",".","SNP","inter_genic","Ctyz_8","A","G",".",373795,1,273
"60","CTYZ_00000303","Signal[space]peptide[space]LNR[space](Lin-12/Notch)[space]repeat[space]containing[space]protein","TRY50126.1","SNP","CDS","Ctyz_8","G","A","T365I",726615,1,112
"61",".",".",".","SNP","inter_genic","Ctyz_8","A","G",".",1091567,1,252
"62","CTYZ_00000497","Uncharacterized[space]protein","TRY49999.1","SNP","CDS","Ctyz_8","C","T","E198E",1117929,1,253
"63","CTYZ_00000497","Uncharacterized[space]protein","TRY49999.1","SNP","CDS","Ctyz_8","T","C","E166E",1118025,1,218
"64","CTYZ_00000497","Uncharacterized[space]protein","TRY49999.1","SNP","CDS","Ctyz_8","C","T","E166K",1118027,1,218
"65",".",".",".","SNP","inter_genic","Ctyz_8","A","G",".",1120106,1,218
"66",".",".",".","SNP","inter_genic","Ctyz_8","T","C",".",1167624,1,108
"67","CTYZ_00000535","Alpha-trehalose-phosphate[space]synthase","TRY49743.1","SNP","CDS","Ctyz_8","C","T","S1109S",1217033,1,57
"68",".",".",".","SNP","inter_genic","Ctyz_00_3","A","T",".",106019,1,218
