Gene/ Gene Family,Primer Pair,Target Gene ID (Reference Sequence UGA55),Chr.,"
Ortholog 
Gene ID (C.parvum Reference Sequence ATCC)",Primer Direction,Sequence,Primer Length (nt),Target (nt),Nucleotide Pairwise Identity (%),%GC,Basic Tm (â„ƒ),Identical Sites (nt),SNPs in ORF (nt),Indels in ORF Sum (nt),Target (aa),Amino Acid Pairwise Identity (%),aa inserted sum,aa deleted sum,aa changes sum
Actin,Actin-A2,CTYZ_00004034,0.03,CPATCC_002443,F,TTCCCATCGATCGTTGGTCG,20,208,99.00%,55.0,60.2,206,2,,70,100.00%,,,0
Actin,Actin-A2,CTYZ_00004034,0.03,CPATCC_002443,R,CCTTTGGGTTCATTGGTGCTTC,22,208,99.00%,50.0,60.3,206,2,,70,100.00%,,,0
Actin,Actin-B7,CTYZ_00003679,1,CPATCC_000329,F,ACTCCTGCTGACGATCGTAAC,21,227,96.90%,52.4,59.9,220,2,,47,97.90%,,,1
Actin,Actin-B7,CTYZ_00003679,1,CPATCC_000329,R,GCTGACCGCGTAAAATATGTGC,22,227,96.90%,50.0,60.9,220,2,,47,97.90%,,,1
Actin,Actin-C4,CTYZ_00003405,5,CPATCC_002246,F,GCTGGAAAAGAAGTTCTGGTGC,22,215,99.10%,50.0,60.3,213,2,,72,98.60%,,,1
Actin,Actin-C4,CTYZ_00003405,5,CPATCC_002246,R,CAGCTTAGAATTGCAGGGACAG,22,215,99.10%,50.0,59.3,213,2,,72,98.60%,,,1
Actin,Actin-D2,CTYZ_00000116,8,CPATCC_003911,F,CTTGCATCCGTACCAGGTTTTG,22,226,98.70%,50.0,60.1,223,3,,74,97.30%,,,2
Actin,Actin-D2,CTYZ_00000116,8,CPATCC_003911,R,GCATGCACCACGTAATTGGC,20,226,98.70%,55.0,60.8,223,3,,74,97.30%,,,2
Actin,Actin-E2,CTYZ_00000239,8,CPATCC_004044,F,GATTGCCCAAGACAAGTTTGGC,22,207,96.60%,50.0,60.9,200,7,,70,97.10%,,,2
Actin,Actin-E2,CTYZ_00000239,8,CPATCC_004044,R,CTATTATGCTTGGACGGTTCCG,22,207,96.60%,50.0,59.2,200,7,,70,97.10%,,,2
COWP,COWP-A3,CTYZ_00001833,4,CPATCC_001548,F,CACAGCCTTCAATTGGACAGG,21,219,98.20%,52.4,59.5,215,4,,74,98.60%,,,1
COWP,COWP-A3,CTYZ_00001833,4,CPATCC_001548,R,GGAAATGCCCTTTCGGAAGTG,21,219,98.20%,52.4,59.8,215,4,,74,98.60%,,,1
COWP,COWP-B2,CTYZ_00000367,8,CPATCC_004178,F,ACCTGGAATTTCGGCATCACA,21,211,97.60%,47.6,60.3,206,5,,71,97.20%,,,2
COWP,COWP-B2,CTYZ_00000367,8,CPATCC_004178,R,CCCTCCGGACACTCAATGTT,20,211,97.60%,55.0,59.7,206,5,,71,97.20%,,,2
COWP,COWP-C9,CTYZ_00002073,4,CPATCC_001735,F,CCGTCTAAGAGTTGTCCATCAGG,23,212,99.10%,52.2,60.4,210,2,,72,100.00%,,,0
COWP,COWP-C9,CTYZ_00002073,4,CPATCC_001735,R,CATTTTCCGTGGCCATCGC,19,212,99.10%,57.9,60.2,210,2,,72,100.00%,,,0
COWP,COWP-D3,CTYZ_00001816,4,CPATCC_001529,F,GTGGTTGAAACAGGCCATCC,20,259,98.50%,55.0,59.4,255,2,,63,98.40%,,,1
COWP,COWP-D3,CTYZ_00001816,4,CPATCC_001529,R,TGCTGTTAAAACTCCCGTGC,20,259,98.50%,50.0,59.1,255,2,,63,98.40%,,,1
COWP,COWP-E1,CTYZ_00001196,6,CPATCC_002515,F,TGATGATGACGTCCACCAGT,20,216,100.00%,50.0,58.7,216,0,,72,100.00%,,,0
COWP,COWP-E1,CTYZ_00001196,6,CPATCC_002515,R,TCCAGTTATTCAGGAAGTCCCA,22,216,100.00%,45.5,58.5,216,0,,72,100.00%,,,0
COWP,COWP-F4,CTYZ_00001197,6,CPATCC_002516,F,CTTCAGCACATCCTGGAAATCC,22,212,99.10%,50.0,59.3,210,2,,71,98.60%,,,1
COWP,COWP-F4,CTYZ_00001197,6,CPATCC_002516,R,GGCCTGAATTCAGTGTATGACC,22,212,99.10%,50.0,59.1,210,2,,71,98.60%,,,1
CP47,CP47-a10,CTYZ_00001339,6,CPATCC_002680,F,GTTCTGCGGAAAGTTGGGTTG,21,255,99.20%,52.4,60.3,253,2,,86,100.00%,,,0
CP47,CP47-a10,CTYZ_00001339,6,CPATCC_002680,R,ACGCCTGGTCTCTATGGTTG,20,255,99.20%,55.0,59.5,253,2,,86,100.00%,,,0
CP47,CP47-a3,CTYZ_00001339,6,CPATCC_002680,F,AACCAGTCTGCGCCGATAC,19,213,98.10%,57.9,60.2,209,4,,72,100.00%,,,0
CP47,CP47-a3,CTYZ_00001339,6,CPATCC_002680,R,GCCTTCTGGGGTGATAGATCC,21,213,98.10%,57.1,59.7,209,4,,72,100.00%,,,0
CP47,CP47-a7,CTYZ_00001339,6,CPATCC_002680,F,CAAACTGGAGGCTCCTCAAAAG,22,239,95.80%,50.0,59.4,229,10,,80,93.80%,,,5
CP47,CP47-a7,CTYZ_00001339,6,CPATCC_002680,R,CTTTGGGACAGTCGAAAGCTAC,22,239,95.80%,50.0,59.3,229,10,,80,93.80%,,,5
CP56,CP56-a1,CTYZ_00001753,4,CPATCC_002496,F,TTTGAGTGGGGGAGAACCAG,20,223,43.50%,55.0,59.2,97,116,10,72,29.20%,9,,51
CP56,CP56-a1,CTYZ_00001753,4,CPATCC_002496,R,TGGCTCCTCGTTAGCTGTTG,20,223,43.50%,55.0,60,97,116,10,72,29.20%,9,,51
GP60,GP60-a2,CTYZ_00001283,6,CPATCC_002619,F,AAGCAGAGGAACCAGCATCC,20,259,86.10%,55.0,60,223,33,3,87,78.20%,,,19
GP60,GP60-a2,CTYZ_00001283,6,CPATCC_002619,R,CGAATCCAGTGGTGCTCAGT,20,259,86.10%,55.0,60,223,33,3,87,78.20%,,,19
GP60,GP60-a5,CTYZ_00001283,6,CPATCC_002619,F,CTGTGGACTGAGTAGTGTCAGC,22,208,46.60%,54.5,60.4,97,87,24,70,32.90%,9,,47
GP60,GP60-a5,CTYZ_00001283,6,CPATCC_002619,R,ATCGCACCAGCAAATAAGGC,20,208,46.60%,50.0,59.3,97,87,24,70,32.90%,9,,47
GST,GST-A3,CTYZ_00001095,7,CPATCC_003696,F,CAAGGAGTCTGGGCTCTAGAATAC,24,290,97.90%,50.0,60,284,2,,54,100.00%,,,0
GST,GST-A3,CTYZ_00001095,7,CPATCC_003696,R,TGGGTTGTAAGTGAGCGAGATC,22,290,97.90%,50.0,60.1,284,2,,54,100.00%,,,0
GST,GST-B2,CTYZ_00000322,8,CPATCC_004127,F,AACCGAGTTATGGCCCCTTC,20,211,99.50%,55.0,59.7,210,1,,71,100.00%,,,0
GST,GST-B2,CTYZ_00000322,8,CPATCC_004127,R,CCCAGCTTTACAACCGGAAG,20,211,99.50%,55.0,58.8,210,1,,71,100.00%,,,0
GST,GST-C2,CTYZ_00002625,2,CPATCC_000537,F,GGGGATAGAACTAACGTTGAGAGC,24,249,98.00%,50.0,60.7,244,5,,83,96.40%,,,3
GST,GST-C2,CTYZ_00002625,2,CPATCC_000537,R,CCAGCTTTCTTCCATTGCTAGG,22,249,98.00%,50.0,59.3,244,5,,83,96.40%,,,3
MEDLE,MEDLE-B2,CTYZ_00003166,5,CPATCC_001987,F,TTCATTGGTAGAGACGGGATGC,22,189,80.40%,50.0,60.2,152,26,11,64,65.60%,6,,22
MEDLE,MEDLE-B2,CTYZ_00003166,5,CPATCC_001987,R,TCTGAAGGTTTGAGTAGGGGTG,22,189,80.40%,50.0,59.4,152,26,11,64,65.60%,6,,22
MSC6-7,MSC6-7-a1,CTYZ_00001179,6,CPATCC_002499,F,CGCCGCAAATGTACAAAAGC,20,259,77.20%,50.0,59.3,200,14,45,73,68.50%,,15,23
MSC6-7,MSC6-7-a1,CTYZ_00001179,6,CPATCC_002499,R,GGGCTATCAATCAGAAGGTGAGG,23,259,77.20%,52.2,60.5,200,14,45,73,68.50%,,15,23
MSC6-7,MSC6-7-a2,CTYZ_00001179,6,CPATCC_002499,F,GTGCCATCGTTGCCTTCATTG,21,218,82.60%,52.4,60.7,180,23,15,73,64.40%,2,3,26
MSC6-7,MSC6-7-a2,CTYZ_00001179,6,CPATCC_002499,R,GCGGTGGTGGATTTTGCAAG,20,218,82.60%,55.0,60.7,180,23,15,73,64.40%,2,3,26
Mucin-1,Mucin-1-a8,CTYZ_00001745,6,CPATCC_003131,F,CGCCACTTGACACATCAGTC,20,213,92.00%,55.0,59.2,196,17,,72,86.10%,,,10
Mucin-1,Mucin-1-a8,CTYZ_00001745,6,CPATCC_003131,R,GCTTGAAACATTCCTCCACTCC,22,213,92.00%,50.0,59.5,196,17,,72,86.10%,,,10
SKSR,SKSR-A1,CTYZ_00003594,1,CPATCC_000421,F,GTGGCGATGAAGAGACTTGTTC,22,211,96.70%,50.0,59.6,204,4,3,71,95.80%,,1,3
SKSR,SKSR-A1,CTYZ_00003594,1,CPATCC_000421,R,TGACCAATGGAGTATCACTGGG,22,211,96.70%,50.0,59.5,204,4,3,71,95.80%,,1,3
SKSR,SKSR-B3,CTYZ_00003596,1,CPATCC_000420,F,TTTCCACCGCTTTCCCCTG,19,294,99.30%,57.9,60.2,292,2,,99,99.00%,,,1
SKSR,SKSR-B3,CTYZ_00003596,1,CPATCC_000420,R,AGGTCTTGCTGCCATGAACC,20,294,99.30%,55.0,60.6,292,2,,99,99.00%,,,1
SKSR,SKSR-C5,CTYZ_00003983,1,CPATCC_000003,F,GCACCTGGTGACAATTCTTCAG,22,240,78.80%,50.0,59.8,189,51,,81,56.80%,,,35
SKSR,SKSR-C5,CTYZ_00003983,1,CPATCC_000003,R,CCATACTAGCCCTTCTCTCAAACG,24,240,78.80%,50.0,60.7,189,51,,81,56.80%,,,35
SKSR,SKSR-D1,CTYZ_00002705,3,CPATCC_000967,F,AACACCCGGTGACACTTCAG,20,258,86.00%,55.0,60.2,222,36,,87,73.60%,,,23
SKSR,SKSR-D1,CTYZ_00002705,3,CPATCC_000967,R,GAGGAACCCCACAAAACCAAG,21,258,86.00%,52.4,59.3,222,36,,87,73.60%,,,23
SKSR,SKSR-E1,CTYZ_00001847,4,CPATCC_001982,F,CCATGGCTCGGTGTCATTTG,20,237,97.50%,55.0,59.5,231,0,,0,0.00%,,,0
SKSR,SKSR-E1,CTYZ_00001847,4,CPATCC_001982,R,GTGGAAAGAGGAAACTGGCG,20,237,97.50%,55.0,59.1,231,0,,0,0.00%,,,0
SKSR,SKSR-F4,CTYZ_00000002,8,CPATCC_003786,F,TCCTTCTTTCACCCTGCCTTC,21,315,89.80%,52.4,59.9,283,32,,106,79.20%,,,22
SKSR,SKSR-F4,CTYZ_00000002,8,CPATCC_003786,R,AGCGGATAGAGAACGTAGCG,20,315,89.80%,55.0,59.4,283,32,,106,79.20%,,,22
SKSR,SKSR-G8,CTYZ_00000004,8,CPATCC_003787,F,CAAGCTGCGCAAACCCTTC,19,299,92.00%,57.9,60.4,275,24,,100,83.00%,,,17
SKSR,SKSR-G8,CTYZ_00000004,8,CPATCC_003787,R,GTGTTGGAAGCAATGTTACGGC,22,299,92.00%,50.0,60.9,275,24,,100,83.00%,,,17
SKSR,SKSR-H6,CTYZ_00000005,8,CPATCC_003788,F,CTGGCCGCTGTTTCAACTTC,20,208,80.30%,55.0,60,167,41,,70,58.60%,,,29
SKSR,SKSR-H6,CTYZ_00000005,8,CPATCC_003788,R,TTGAAGGAGAGTCGGAAAAGGG,22,208,80.30%,50.0,60,167,41,,70,58.60%,,,29
TRAP-C1,TRAP-C1-a5,CTYZ_00003946,1,CPATCC_000043,F,ACAAGGTGACCAAGAAGACCA,21,247,96.40%,47.6,59.2,238,9,,83,92.80%,,,6
TRAP-C1,TRAP-C1-a5,CTYZ_00003946,1,CPATCC_000043,R,GGGCAAATACACCTTGTAGGGA,22,247,96.40%,50.0,60,238,9,,83,92.80%,,,6